report_id,position,title,body
racebox,1,德国站增长机会,DE 站仅凭 Mini S 一款产品年销 743 件，若将 Micro 和 10Hz 上架至 DE 站，预计可再增 300+ 件/年。
racebox,2,法国站持续下滑,FR 站从 6 月的 34 件/月下滑至 Q4 仅 13 件/月，需检查定价竞争力、广告投放及 Listing 本地化。
racebox,3,12 月旺季效应,12 月全球销量 376 件，环比增长 60%，主要由 US 圣诞礼品需求驱动。建议提前备货 Q4。
racebox,4,亚太空白市场,日本、澳大利亚均未布局。JP 站赛车文化成熟，建议优先测试 Mini S 和 Micro 两款产品。
racebox,5,10Hz 高客单价优势,10Hz Official 虽然销量仅占 US 站 29%，但凭 $330+ 均价贡献 47% 的销售额 ($127K)。
racebox,6,季节性运营策略,1-2 月全球淡季仅 155-170 件/月，可利用此期优化 Listing、储备库存、降低广告成本。
bushnell,1,稳定的爆款单品,"该 ASIN 自 2014 年上架，至今累计 4,587 个评分（4.3 星），是 Sports Speed & Agility 类目第 11 名，由 Amazon 自营发货，运营极其稳定。"
bushnell,2,春夏运动旺季,"3-7 月销量持续走高，从 1 月 1,024 件增长至 7 月峰值 2,032 件，对应棒球、田径等户外运动赛季，季节性规律明显。"
bushnell,3,8 月异常断崖,"2025 年 8 月销量从 7 月的 2,032 件骤降至 957 件 (-53%)，同期均价从 $128 拉高至 $170，疑似断货或库存调整导致涨价限流。"
bushnell,4,黑五暴击,2025 年 11 月 28 日（黑五）单日销量达 298 件，11 月最后 4 天累计销量超 650 件，配合 $102 促销价创全年最强单日表现。
bushnell,5,2026 Q1 同比下滑,"2026 年 1-3 月累计销量 3,052 件，同比 2025 年同期 (3,737 件) 下降 18%。主因是均价从 $115 提升至 $148，价格策略变化抑制了需求。"
bushnell,6,价格敏感型产品,数据显示该产品价格弹性高：每次降价至 $108 以下都会带动销量暴增（7 月 10 日降价至 $108 当日销量 129 件）。建议旺季前考虑战术性降价。
tag,1,27 倍爆发增长,从 7 月 18 件起步，到 12 月 496 件单月——6 个月内增长 27 倍。这种斜率在 $290 客单价的体育品类中相当罕见，反映了 FBA 配送 + 多场景定位 (棒球/垒球/高尔夫) 的组合优势。
tag,2,圣诞礼品定位精准,"11-12 月销量分别为 291/496 件，对应黑五和圣诞礼品采购旺季。$290 的价位带正好契合""父母给孩子的运动礼物""需求场景。"
tag,3,价格刚性极强,9 个月销售期内售价稳定在 $289.99，从未促销或降价。说明 TAG SPORTS 对自身产品力有信心，不靠价格战换销量。
tag,4,1-2 月节后冷却,"1 月销量从 12 月的 496 件骤降至 131 件 (-73.6%)，2 月持平 (129 件)。属于典型的""圣诞礼品后效""，3 月已开始反弹至 227 件。"
tag,5,评论积累滞后,"1,716 件累计销量却只有 54 条评论 (留评率 3.1%)，明显偏低。说明产品满意度尚未充分沉淀，需要更主动地引导用户留评以提升 listing 权重。"
tag,6,纯美国市场,100% 销量来自美国，CA/UK/DE/JP 完全未布局。作为新品牌资源有限可以理解，但 2026 年若想突破，加拿大棒球市场是最值得测试的下一站。
garmin_r10,1,类目第 5 名,"在 Golf Swing Trainers 类目排名第 5，是 Amazon's Choice。1,070 条评论积累 4.2 星，作为 $400+ 客单价的设备类产品，已经形成稳固的市场地位。"
garmin_r10,2,2026 年 3 月战略性大降价,"3 月 17 日起售价从 $570 直接降至 $400 (-30%)，立即推动 3 月销量从 814 件跃升至 1,571 件 (+93%)。这是面对 Rapsodo MLM2PRO 等竞品压力的明确应对。"
garmin_r10,3,加拿大占比异常高,"CA 销量约 2,761 件，达到 US 销量的 19.3%，远高于典型 5-8% 的比例。建议加大加拿大市场广告投入，可能是被低估的金矿。"
garmin_r10,4,11-12 月强季节性,"2025 年 11-12 月销量分别 2,563 / 2,392 件，是平均月销 (~1,193) 的 2 倍以上。圣诞礼品 + 室内训练需求叠加。"
garmin_r10,5,2 月异常疲软,2025/2 月销量仅 470 件 (vs 1 月 980 件，腰斩)，2026/2 月同样疲软 (814 件)。这是高尔夫品类的典型空窗期，需做好淡季运营。
garmin_r10,6,价格弹性测试明确,"从 $570→$400 的降价，直接带来 +93% 的销量增长，毛利率虽下降但销售总额仍上升。说明 Garmin 在试探""以价换量""的最优平衡点。"
rapsodo,1,MLM 是 #1 Best Seller,"Rapsodo MLM 在 Golf Course GPS Units 类目稳居 #1 Best Seller，3,145 条评论 + 4.4 星，是该品类的绝对领头羊。靠 6 年的市场积累形成护城河。"
rapsodo,2,双产品线价格分层,MLM ($250) + MLM2PRO ($700) 形成清晰的价格梯度，覆盖入门和进阶两个细分用户群。MLM2PRO 销量虽然只有 MLM 的 75%，但销售额是后者的 2 倍 ($5.10M vs $2.45M)。
rapsodo,3,MLM2PRO 起跳极快,"MLM2PRO 4 月上架后，5 月就跑出 661 件 / $463K，到 12 月达到 1,358 件 / $951K 的峰值。短短 9 个月跑出 7,272 件，是新品爬坡的标杆案例。"
rapsodo,4,棒球产品线刻意离开 Amazon,"Rapsodo PRO 3.0 ($4,000)、HITTING 2.0 ($1,200) 等专业棒球设备完全不上 Amazon。这是有意的渠道分层——B2B 棒球走专业经销商和官网，消费级高尔夫走 Amazon。"
rapsodo,5,MLM 8 月断崖,"MLM 8 月销量从 7 月的 1,091 件骤降至 439 件 (-60%)，对应价格从 $250 拉到 $300 的库存调控。说明该产品对价格极度敏感。"
rapsodo,6,纯美国市场,"两款产品 100% 销量来自美国 Amazon，CA/UK/DE/JP 完全未通过 Amazon 销售。Rapsodo 在欧洲和加拿大有官网直销但不进 Amazon——典型的""渠道分而治之""策略。"
garmin_xero,1,C1 Pro 的爆发节点,2025 年 6 月销量从 254 件跃升至 357 件 (+40.6%)，7 月再翻倍至 669 件，对应美国狩猎季节前夕和 Prime Day 的双重利好。
garmin_xero,2,C2 上架的策略性延后,C2 listing 在 2025/11/23 创建，但延迟到 2026/1/26 才开始铺货。Garmin 主动避开了与 C1 Pro 的圣诞节正面竞争——先占位防御，后转产换代。
garmin_xero,3,C2 起跳速度极快,C2 从 1 月 24 件到 2 月 156 件再到 3 月 199 件，3 个月爬到接近 C1 Pro 月销的 40%。考虑到 $700 的高客单价和细分品类，这种斜率说明 C2 的产品力被市场快速接受。
garmin_xero,4,C2 的 40% 溢价被接受,C2 比 C1 Pro 贵 40% ($700 vs $500)，但消费者并未抗拒。射击类高客单价用户对功能升级的支付意愿强，几百美元的差价不构成决策障碍。
garmin_xero,5,纯 reseller 销售模型,Garmin 不在 Amazon 自营，而是通过 6ave、Certified Brands、PlayBetter、GPS City 等多家授权经销商销售。销量自然分散，单一 ASIN 看不出真实规模，必须聚合分析。
garmin_xero,6,无蚕食并存策略成立,"2026 年 1-3 月，C1 Pro 月销稳定在 400-500 件区间，C2 同步增长。两款产品瞄准的是不同细分用户——休闲射击 vs 进阶玩家。Garmin 的策略是""双轨并行""。"
rangecraft,1,7 月单月翻 6 倍,从 6 月 68 件直接跳到 7 月 426 件 (+526%)，对应 Prime Day 流量爆发 + 狩猎季前期备货。这种斜率说明市场对 Athlon 这个挑战者的接受度极高——价格优势比品牌信任更重要。
rangecraft,2,产品力被市场验证,"4.8 ★ 评分 + 199 评论 (留评率 4.5%) 在该品类是顶级水平。对比 Garmin C1 Pro 同期 154 评论，Rangecraft 的评论积累速度反而更快。2.4"" 彩屏命中""看不清显示""的用户痛点。"
rangecraft,3,价格刚性极强,从 5 月到 4 月，售价几乎全程稳定在 $399.95，仅在 12 月圣诞和 3 月底有过短暂的 $350-$379 试探性促销。没有靠降价换销量。
rangecraft,4,狩猎季驱动明显,9-12 月连续 4 个月销量稳定在 740-880 区间，对应美国狩猎季 (Sep-Jan)。黑五 11/28 单日 50 件、12/1 单日 59 件，是平日 (~28 件) 的 2 倍。
rangecraft,5,1-2 月明显回调,1 月销量从 12 月的 880 件降至 389 件 (-55.8%)，2 月再降至 293 件。属于狩猎季结束后的典型节后冷却。但 3 月已开始反弹至 321 件。
rangecraft,6,正面挑战 Garmin 成功,"2025 年 Athlon 4,458 件 vs Garmin Xero C1 Pro 5,186 件（聚合 5 个 bundle ASIN 后）——仅落后 14%。Athlon 用 8 个月追到 Garmin 先发 1.5 年的 86%，说明这个品类的""品牌护城河""远比想象中浅，价格 + 显示屏差异化即可撬动市场。"
blue_tees,1,圣诞季现象级爆发,"12 月单月 7,302 件 / $1.42M，环比 +106%，几乎是前 3 个最强月份的总和。黑五 11/28 单日 378 件、11/29 543 件、11/30 455 件——这种斜率在 Golf GPS 品类非常罕见，反映了 音箱 + GPS 二合一 的场景是理想高尔夫礼品。"
blue_tees,2,#1 Best Seller 徽章,"拿下 Golf Course GPS Units 类目第 1 名 Best Seller 徽章，这是该品类曝光和转化的顶级位置。对比同品类的 Rapsodo MLM（$250、3,145 评论、老品牌），Blue Tees Player+ 用 $80 价差 + 更新功能 快速后发先至。"
blue_tees,3,2026/1 主动降价,2026 年 1 月起，售价从 $190 直接降至 $170 并保持至今。这是爆款后的经典动作：趁着 #1 Best Seller 势头锁定长期市占率，用 10% 降价换取 Q2 旺季爆发前的 Amazon 算法权重。
blue_tees,4,父亲节高峰,"2025 年 5-6 月销量连续走高至 1,969 → 2,267 件，对应母亲节（5/11）到父亲节（6/15）的礼品窗口。考虑到目标用户是中年男性高尔夫爱好者，父亲节是仅次于圣诞的第二高峰。"
blue_tees,5,8-9 月夏歇期,"8 月 1,805 件 → 9 月 1,429 件（-21%），对应美国夏末淡季和高尔夫暑热低峰。这与 Garmin R10 的同期模式完全一致，说明 整个 Golf Tech 品类共享季节性曲线。"
blue_tees,6,$170 价位突破点,"Blue Tees 的成功证明：Golf GPS 品类存在一个 ""$150-$200 甜蜜点""——比 Garmin Approach G30 ($150) 多一个音箱功能，比 Rapsodo MLM ($250) 便宜 $80，成为中端市场最优解。新进入者若想切入该品类，此价位带值得重点研究。"
rapsodo_mlm,1,8 月涨价实验失败,"Rapsodo 在 2025/8 尝试把 MLM 从 $250 涨价到 $300（+20%），结果销量从 1,091 件直接崩到 439 件（-60%），持续 4 个月低迷。这是 Amazon 平台价格敏感度测试 的教科书案例——长尾成熟产品的价格带极窄。"
rapsodo_mlm,2,12 月降价救赎,"11 月底降回 $250，12 月进一步降至 $210 立即触发爆单——月销从 436 件飙升到 1,525 件（+250%），$210 成为圣诞期的最佳价位。$210 vs $300 的 30% 差价撬动了近 4 倍的销量。"
rapsodo_mlm,3,"3,145 评论的护城河","6 年累计 3,145 条评论是品类内最强的社交证明。对比 Garmin R10 的 1,070 评论、Rapsodo MLM2PRO 的 531 评论、Blue Tees Player+ 的 1,517 评论，MLM 的评论数是第二名的 2 倍。这是 老产品长尾效应的核心资产。"
rapsodo_mlm,4,评分 4.1 星的压力,"3,145 评论下 4.1 星——这是一个比较尴尬的数字。对比 Blue Tees Player+ 的 4.5 星、Garmin R10 的 4.2 星、MLM2PRO 的 4.4 星，MLM 的用户满意度是同类中最低的。老产品的技术迭代已经跟不上新品，这可能是 Rapsodo 推出 MLM2PRO 的根本原因。"
rapsodo_mlm,5,被 Blue Tees 后来居上,"2025 年 MLM 销量 9,650 件，同期 Blue Tees Player+ 销量 25,550 件（2.6 倍）。虽然产品类型略有不同（MLM 是发射监测仪、Player+ 是 GPS 音箱），但它们争夺的都是 Golf Course GPS Units 类目的注意力。新品牌 + 低价 + 新功能组合正在蚕食 Rapsodo MLM 的市场份额。"
rapsodo_mlm,6,价格锁定 $210-215 策略,2026 年 1 月起，Rapsodo 永久将 MLM 锁定在 $215 价位，这是一个明智的战略调整——承认 $250 的黄金时代已过，用 $215 稳住长尾销量。Q1 2026 月均 283 件虽然大幅低于 2025 同期，但比 2025 年 9-10 月 $300 价位的 357 件更具可持续性。
